--
-- PostgreSQL database dump
--

-- Dumped from database version 17.4
-- Dumped by pg_dump version 17.4

SET statement_timeout = 0;
SET lock_timeout = 0;
SET idle_in_transaction_session_timeout = 0;
SET transaction_timeout = 0;
SET client_encoding = 'UTF8';
SET standard_conforming_strings = on;
SELECT pg_catalog.set_config('search_path', '', false);
SET check_function_bodies = false;
SET xmloption = content;
SET client_min_messages = warning;
SET row_security = off;

SET default_tablespace = '';

SET default_table_access_method = heap;

--
-- Name: dokumenty; Type: TABLE; Schema: public; Owner: postgres
--

CREATE TABLE public.dokumenty (
    id integer NOT NULL,
    data_dodania date,
    nazwa_dokumentu character varying(255),
    status boolean,
    typ character varying(255),
    uwagi character varying(255)
);


ALTER TABLE public.dokumenty OWNER TO postgres;

--
-- Name: dokumenty_id_seq; Type: SEQUENCE; Schema: public; Owner: postgres
--

CREATE SEQUENCE public.dokumenty_id_seq
    AS integer
    START WITH 1
    INCREMENT BY 1
    NO MINVALUE
    NO MAXVALUE
    CACHE 1;


ALTER SEQUENCE public.dokumenty_id_seq OWNER TO postgres;

--
-- Name: dokumenty_id_seq; Type: SEQUENCE OWNED BY; Schema: public; Owner: postgres
--

ALTER SEQUENCE public.dokumenty_id_seq OWNED BY public.dokumenty.id;


--
-- Name: klienci; Type: TABLE; Schema: public; Owner: postgres
--

CREATE TABLE public.klienci (
    id integer NOT NULL,
    miejscowosc character varying(255),
    data_urodzenia date,
    email character varying(255),
    imie character varying(255),
    kod_pocztowy character varying(255),
    nazwisko character varying(255),
    numer_telefonu character varying(255),
    ulica_numer_domu character varying(255)
);


ALTER TABLE public.klienci OWNER TO postgres;

--
-- Name: klienci_id_seq; Type: SEQUENCE; Schema: public; Owner: postgres
--

CREATE SEQUENCE public.klienci_id_seq
    AS integer
    START WITH 1
    INCREMENT BY 1
    NO MINVALUE
    NO MAXVALUE
    CACHE 1;


ALTER SEQUENCE public.klienci_id_seq OWNER TO postgres;

--
-- Name: klienci_id_seq; Type: SEQUENCE OWNED BY; Schema: public; Owner: postgres
--

ALTER SEQUENCE public.klienci_id_seq OWNED BY public.klienci.id;


--
-- Name: messages; Type: TABLE; Schema: public; Owner: postgres
--

CREATE TABLE public.messages (
    id bigint NOT NULL,
    sender_id integer NOT NULL,
    receiver_id integer NOT NULL,
    content character varying(255) NOT NULL,
    sent_at timestamp with time zone DEFAULT CURRENT_TIMESTAMP,
    receiver_first_name character varying(255),
    receiver_last_name character varying(255),
    sender_first_name character varying(255),
    sender_last_name character varying(255)
);


ALTER TABLE public.messages OWNER TO postgres;

--
-- Name: messages_id_seq; Type: SEQUENCE; Schema: public; Owner: postgres
--

CREATE SEQUENCE public.messages_id_seq
    AS integer
    START WITH 1
    INCREMENT BY 1
    NO MINVALUE
    NO MAXVALUE
    CACHE 1;


ALTER SEQUENCE public.messages_id_seq OWNER TO postgres;

--
-- Name: messages_id_seq; Type: SEQUENCE OWNED BY; Schema: public; Owner: postgres
--

ALTER SEQUENCE public.messages_id_seq OWNED BY public.messages.id;


--
-- Name: pliki; Type: TABLE; Schema: public; Owner: postgres
--

CREATE TABLE public.pliki (
    id integer NOT NULL,
    data_dodania date,
    nazwa_pliku character varying(255),
    dokument_id integer
);


ALTER TABLE public.pliki OWNER TO postgres;

--
-- Name: pliki_id_seq; Type: SEQUENCE; Schema: public; Owner: postgres
--

CREATE SEQUENCE public.pliki_id_seq
    AS integer
    START WITH 1
    INCREMENT BY 1
    NO MINVALUE
    NO MAXVALUE
    CACHE 1;


ALTER SEQUENCE public.pliki_id_seq OWNER TO postgres;

--
-- Name: pliki_id_seq; Type: SEQUENCE OWNED BY; Schema: public; Owner: postgres
--

ALTER SEQUENCE public.pliki_id_seq OWNED BY public.pliki.id;


--
-- Name: pracownicy; Type: TABLE; Schema: public; Owner: postgres
--

CREATE TABLE public.pracownicy (
    id integer NOT NULL,
    email character varying(255),
    haslo character varying(255),
    imie character varying(255),
    nazwisko character varying(255),
    totp_secret character varying(255)
);


ALTER TABLE public.pracownicy OWNER TO postgres;

--
-- Name: pracownicy_id_seq; Type: SEQUENCE; Schema: public; Owner: postgres
--

ALTER TABLE public.pracownicy ALTER COLUMN id ADD GENERATED BY DEFAULT AS IDENTITY (
    SEQUENCE NAME public.pracownicy_id_seq
    START WITH 1
    INCREMENT BY 1
    NO MINVALUE
    NO MAXVALUE
    CACHE 1
);


--
-- Name: wizyty; Type: TABLE; Schema: public; Owner: postgres
--

CREATE TABLE public.wizyty (
    id integer NOT NULL,
    czy_oplacona boolean,
    data_wizyty date,
    godzina character varying(255),
    naleznosc character varying(255),
    pokoj character varying(255),
    sposob_platnosci character varying(255),
    uwagi character varying(255),
    klient_id integer
);


ALTER TABLE public.wizyty OWNER TO postgres;

--
-- Name: wizyty_id_seq; Type: SEQUENCE; Schema: public; Owner: postgres
--

CREATE SEQUENCE public.wizyty_id_seq
    AS integer
    START WITH 1
    INCREMENT BY 1
    NO MINVALUE
    NO MAXVALUE
    CACHE 1;


ALTER SEQUENCE public.wizyty_id_seq OWNER TO postgres;

--
-- Name: wizyty_id_seq; Type: SEQUENCE OWNED BY; Schema: public; Owner: postgres
--

ALTER SEQUENCE public.wizyty_id_seq OWNED BY public.wizyty.id;


--
-- Name: dokumenty id; Type: DEFAULT; Schema: public; Owner: postgres
--

ALTER TABLE ONLY public.dokumenty ALTER COLUMN id SET DEFAULT nextval('public.dokumenty_id_seq'::regclass);


--
-- Name: klienci id; Type: DEFAULT; Schema: public; Owner: postgres
--

ALTER TABLE ONLY public.klienci ALTER COLUMN id SET DEFAULT nextval('public.klienci_id_seq'::regclass);


--
-- Name: messages id; Type: DEFAULT; Schema: public; Owner: postgres
--

ALTER TABLE ONLY public.messages ALTER COLUMN id SET DEFAULT nextval('public.messages_id_seq'::regclass);


--
-- Name: pliki id; Type: DEFAULT; Schema: public; Owner: postgres
--

ALTER TABLE ONLY public.pliki ALTER COLUMN id SET DEFAULT nextval('public.pliki_id_seq'::regclass);


--
-- Name: wizyty id; Type: DEFAULT; Schema: public; Owner: postgres
--

ALTER TABLE ONLY public.wizyty ALTER COLUMN id SET DEFAULT nextval('public.wizyty_id_seq'::regclass);


--
-- Data for Name: dokumenty; Type: TABLE DATA; Schema: public; Owner: postgres
--

COPY public.dokumenty (id, data_dodania, nazwa_dokumentu, status, typ, uwagi) FROM stdin;
1	2025-04-12	Faktura #2025/03/001	f	Faktura	Termin na opĹ‚acenie do 2025/05/09.
2	2025-04-12	Umowa z EX-BUD	t	Umowa	Brak uwag.
3	2025-04-12	Reklamacja #2025/03/001	t	Reklamacja	BĹ‚Ä™dny produkt, ponowna wysyĹ‚ka.
4	2025-04-12	Reklamacja #2025/03/002	t	Reklamacja	Wymiana na miejscu.
5	2025-04-12	Raport #2023/04	f	Raport	Do oceny zarzÄ…du.
6	2025-04-12	Formularz rekrutacyjny	f	Formularz	Do oceny HR.
7	2025-04-12	Notatki z zebrania #2025/03/26	t	Inne	
8	2025-04-12	Raport #2023/03	t	Raport	
9	2025-04-12	Faktura #2025/03/002	f	Faktura	Faktura za prÄ…d.
10	2025-04-12	Umowa z PSK	t	Umowa	
\.


--
-- Data for Name: klienci; Type: TABLE DATA; Schema: public; Owner: postgres
--

COPY public.klienci (id, miejscowosc, data_urodzenia, email, imie, kod_pocztowy, nazwisko, numer_telefonu, ulica_numer_domu) FROM stdin;
1	Warszawa	2002-04-19	abruneton0@linkedin.com	Marcin	59-187	ZieliĹ„ska	+86-596-267-9820	ul. WrocĹ‚awska 8
2	PoznaĹ„	2002-09-18	sbusswell1@tuttocitta.it	Anna	21-940	ZieliĹ„ska	+31-639-609-6078	ul. Krakowska 5
3	Katowice	1997-02-04	bsavaage2@php.net	Kuba	97-554	Kowalczyk	+48-871-163-5384	ul. WrocĹ‚awska 8
4	Warszawa	1979-04-09	chairyes3@vimeo.com	Karolina	42-191	KwieciĹ„ski	+62-564-406-9452	ul. GdaĹ„ska 33
5	WrocĹ‚aw	1983-02-15	gfarahar4@free.fr	Kacper	46-349	KwieciĹ„ski	+62-802-658-0187	ul. GdaĹ„ska 33
6	KrakĂłw	1972-05-10	cchesser5@nih.gov	Piotr	42-704	ZapaĹ‚a	+351-105-246-8066	ul. WrocĹ‚awska 8
7	Bydgoszcz	2001-11-10	gsarl6@1und1.de	Monika	49-354	ZieliĹ„ska	+234-105-402-7632	ul. PoznaĹ„ska 21
8	Szczecin	1973-02-02	fraine7@boston.com	Tomasz	48-572	WoĹşniak	+86-911-238-7286	ul. Krakowska 5
9	WrocĹ‚aw	1970-01-07	sguilayn8@geocities.com	Kacper	98-150	Nowak	+62-130-236-2596	ul. Warszawska 12
10	Warszawa	2003-07-11	ksnazle9@omniture.com	Kuba	17-416	Nowak	+372-796-875-0525	ul. GdaĹ„ska 33
11	Bydgoszcz	1986-02-27	waugera@cdc.gov	Monika	86-649	WoĹşniak	+506-334-147-8050	ul. WrocĹ‚awska 8
12	Katowice	1966-11-04	jlatekb@prweb.com	Anna	28-465	Wojtyra	+46-322-744-3202	ul. PoznaĹ„ska 21
13	WrocĹ‚aw	1964-12-03	troozec@shareasale.com	Maciej	71-091	ZapaĹ‚a	+86-334-557-9250	ul. WrocĹ‚awska 8
14	Szczecin	1994-11-22	cschimaschked@wikipedia.org	Kacper	96-968	Kowalczyk	+33-419-160-0649	ul. Krakowska 5
15	BiaĹ‚ystok	1964-01-20	tohenerye@shop-pro.jp	Kacper	98-359	KwieciĹ„ski	+387-110-370-1523	ul. GdaĹ„ska 33
16	Bydgoszcz	1968-05-28	ksaterthwaitf@360.cn	Tomasz	11-061	WĂłjcik	+86-986-257-7017	ul. WrocĹ‚awska 8
17	BiaĹ‚ystok	1972-07-07	ledgerg@arizona.edu	Marcin	33-630	ZieliĹ„ska	+81-368-497-2434	ul. Warszawska 12
18	KrakĂłw	1981-12-19	cpaternoh@friendfeed.com	Maciej	23-027	ZapaĹ‚a	+62-405-336-0840	ul. WrocĹ‚awska 8
19	Szczecin	1987-08-10	rgruszeckii@unesco.org	Maciej	65-460	KamiĹ„ski	+7-858-696-1815	ul. Warszawska 12
20	Szczecin	1989-07-06	eturrillj@spiegel.de	Piotr	94-843	Kowalczyk	+86-253-200-5306	ul. WrocĹ‚awska 8
21	Bydgoszcz	1999-03-28	pwhitesidek@noaa.gov	Karolina	08-672	Nowak	+86-377-153-1558	ul. Krakowska 5
22	Warszawa	1980-06-16	csireyl@msu.edu	Karolina	12-263	WoĹşniak	+33-749-144-4504	ul. PoznaĹ„ska 21
23	Bydgoszcz	1983-04-28	rrumpm@wikimedia.org	Kuba	98-563	KamiĹ„ski	+1-916-197-1892	ul. Warszawska 12
24	WrocĹ‚aw	1984-02-14	jdallimaren@toplist.cz	Piotr	38-706	ZapaĹ‚a	+62-878-477-8082	ul. Warszawska 12
25	Bydgoszcz	1991-11-26	spatifieldo@oakley.com	Karolina	03-839	KwieciĹ„ski	+48-795-582-0270	ul. Warszawska 12
26	BiaĹ‚ystok	1998-02-06	eraglesp@senate.gov	Anna	57-895	Kowalczyk	+62-185-993-8109	ul. WrocĹ‚awska 8
27	Bydgoszcz	1971-04-17	cstanfieldr@auda.org.au	Kacper	43-388	ZieliĹ„ska	+48-621-555-6400	ul. GdaĹ„ska 33
28	Katowice	1988-11-15	nskewess@mysql.com	Karolina	49-548	WoĹşniak	+86-712-101-6450	ul. GdaĹ„ska 33
29	KrakĂłw	1988-10-23	greynoldsont@facebook.com	Piotr	27-498	SzymaĹ„ski	+63-392-194-9063	ul. GdaĹ„ska 33
30	WrocĹ‚aw	1999-10-15	edemeru@meetup.com	Tomasz	13-440	SzymaĹ„ski	+970-494-785-1173	ul. Warszawska 12
31	Katowice	2001-02-21	tdigmanv@nature.com	Maciej	38-359	ZieliĹ„ska	+1-806-285-3479	ul. Krakowska 5
32	PoznaĹ„	1974-11-14	estollmeyery@liveinternet.ru	Maciej	17-721	ZapaĹ‚a	+352-307-103-9321	ul. GdaĹ„ska 33
33	PoznaĹ„	1998-05-07	rleckenbyz@icq.com	Monika	30-223	SzymaĹ„ski	+220-937-943-5404	ul. Krakowska 5
34	Bydgoszcz	1974-04-29	vpagitt10@cargocollective.com	Kuba	19-418	ZieliĹ„ska	+374-421-250-7695	ul. PoznaĹ„ska 21
35	GdaĹ„sk	1984-01-11	kyakunchikov11@addthis.com	Tomasz	25-658	Wojtyra	+62-396-708-6435	ul. GdaĹ„ska 33
36	Szczecin	1997-06-18	kconquest12@sciencedaily.com	Maciej	29-999	KamiĹ„ski	+86-451-211-6599	ul. WrocĹ‚awska 8
37	Katowice	1971-04-17	ajolliman13@drupal.org	Krzysztof	99-311	KwieciĹ„ski	+7-278-633-2024	ul. Krakowska 5
38	Szczecin	1960-07-16	jabelovitz14@sakura.ne.jp	Karolina	17-102	SzymaĹ„ski	+62-855-912-3036	ul. GdaĹ„ska 33
39	Szczecin	1996-03-12	ccrooks15@netvibes.com	Maciej	05-469	KamiĹ„ski	+970-446-912-9713	ul. WrocĹ‚awska 8
40	GdaĹ„sk	1985-12-05	tkyngdon16@techcrunch.com	Kacper	41-090	Kowalczyk	+62-779-476-0951	ul. WrocĹ‚awska 8
41	KrakĂłw	1983-02-26	ccarwithen17@cyberchimps.com	Piotr	41-332	Kowalczyk	+53-637-458-7002	ul. Krakowska 5
42	Bydgoszcz	1993-01-02	inewick18@amazonaws.com	Krzysztof	27-525	Wojtyra	+7-563-159-0651	ul. Warszawska 12
43	BiaĹ‚ystok	1970-09-16	mbroadbridge19@utexas.edu	Kuba	87-631	ZieliĹ„ska	+33-160-257-9276	ul. GdaĹ„ska 33
44	Bydgoszcz	1970-08-01	tmangeon1a@moonfruit.com	Marcin	06-986	WĂłjcik	+81-915-757-7574	ul. Krakowska 5
45	BiaĹ‚ystok	1994-06-16	smacilhagga1b@ucoz.com	Tomasz	91-581	KwieciĹ„ski	+33-163-909-4386	ul. Warszawska 12
46	GdaĹ„sk	1995-12-19	abogges1d@jiathis.com	Kuba	48-318	Kowalczyk	+84-857-421-7292	ul. Warszawska 12
47	Bydgoszcz	1976-03-22	dferrier1f@people.com.cn	Maciej	11-192	SzymaĹ„ski	+234-531-540-5054	ul. Warszawska 12
48	PoznaĹ„	1997-03-11	sflatley1g@tinyurl.com	Tomasz	23-323	SzymaĹ„ski	+33-952-564-7367	ul. PoznaĹ„ska 21
49	BiaĹ‚ystok	1995-09-10	finskipp1h@dyndns.org	Karolina	76-046	ZapaĹ‚a	+86-543-814-1522	ul. Krakowska 5
50	Szczecin	1979-01-15	pdelmonte1i@upenn.edu	Kacper	13-373	WoĹşniak	+1-918-135-0557	ul. Krakowska 5
51	GdaĹ„sk	1978-08-17	daberhart1j@yellowbook.com	Anna	81-500	ZieliĹ„ska	+86-416-404-9789	ul. GdaĹ„ska 33
52	BiaĹ‚ystok	1993-10-08	slaban1k@google.com.br	Kacper	00-367	WoĹşniak	+33-580-730-5519	ul. GdaĹ„ska 33
53	Bydgoszcz	1966-07-30	gdillingstone1l@zimbio.com	Tomasz	49-227	ZapaĹ‚a	+86-131-176-4045	ul. PoznaĹ„ska 21
54	Bydgoszcz	1998-08-25	jhammant1m@hibu.com	Anna	42-243	Wojtyra	+357-757-953-4282	ul. PoznaĹ„ska 21
55	Bydgoszcz	1978-05-23	svannoort1n@miitbeian.gov.cn	Kuba	51-472	ZieliĹ„ska	+54-692-367-0709	ul. Warszawska 12
56	PoznaĹ„	1989-11-16	urenols1o@narod.ru	Anna	71-962	Wojtyra	+63-174-314-3370	ul. WrocĹ‚awska 8
57	PoznaĹ„	1993-11-26	lgraalmans1p@sciencedaily.com	Tomasz	93-499	ZieliĹ„ska	+63-553-507-6694	ul. GdaĹ„ska 33
58	BiaĹ‚ystok	1998-07-02	emccready1q@imageshack.us	Kacper	60-539	WĂłjcik	+86-127-963-4445	ul. Warszawska 12
59	Bydgoszcz	1995-01-28	glampitt1r@go.com	Maciej	16-823	KwieciĹ„ski	+850-363-392-8077	ul. PoznaĹ„ska 21
60	WrocĹ‚aw	1967-06-15	hjouhandeau1s@ebay.co.uk	Krzysztof	44-715	KamiĹ„ski	+7-586-712-0614	ul. GdaĹ„ska 33
61	Szczecin	1970-07-28	biacavone1t@mlb.com	Krzysztof	04-961	WĂłjcik	+36-142-218-7979	ul. GdaĹ„ska 33
62	Warszawa	1994-09-14	mmeriet1v@shop-pro.jp	Marcin	01-196	ZieliĹ„ska	+63-305-456-7269	ul. WrocĹ‚awska 8
63	Bydgoszcz	1987-05-15	lhue1w@gmpg.org	Krzysztof	06-116	Kowalczyk	+60-459-196-2273	ul. PoznaĹ„ska 21
64	Warszawa	1993-04-18	thalsall1x@howstuffworks.com	Tomasz	16-691	ZieliĹ„ska	+62-927-737-2922	ul. Warszawska 12
65	Szczecin	1962-01-27	brallinshaw1y@reverbnation.com	Kuba	30-592	KwieciĹ„ski	+33-943-196-4155	ul. WrocĹ‚awska 8
66	Szczecin	1996-08-28	mtunno1z@tripadvisor.com	Krzysztof	22-099	SzymaĹ„ski	+86-968-879-0104	ul. Warszawska 12
67	Bydgoszcz	1962-03-12	sstuttman20@google.it	Marcin	01-102	KamiĹ„ski	+48-262-119-4245	ul. GdaĹ„ska 33
68	Szczecin	1985-01-19	gmuggach21@cdbaby.com	Piotr	79-821	ZapaĹ‚a	+62-854-870-3379	ul. GdaĹ„ska 33
69	GdaĹ„sk	2004-05-14	toxlade22@latimes.com	Maciej	35-258	Wojtyra	+55-727-548-4706	ul. Warszawska 12
70	GdaĹ„sk	1993-09-23	cballendine23@craigslist.org	Monika	79-079	ZieliĹ„ska	+86-101-362-1099	ul. Warszawska 12
71	PoznaĹ„	1969-02-11	mkruse24@wikia.com	Tomasz	25-065	SzymaĹ„ski	+63-662-501-1019	ul. Warszawska 12
72	KrakĂłw	1962-04-12	hrubinfeld25@wisc.edu	Monika	20-372	Nowak	+992-959-890-1815	ul. WrocĹ‚awska 8
73	GdaĹ„sk	1967-07-01	adoughill26@marketwatch.com	Krzysztof	69-747	WĂłjcik	+62-462-343-4633	ul. Warszawska 12
74	WrocĹ‚aw	1960-06-15	mstopher27@phoca.cz	Anna	58-449	Wojtyra	+234-451-386-6277	ul. GdaĹ„ska 33
75	WrocĹ‚aw	1988-02-11	cbaumann28@gizmodo.com	Kacper	59-098	ZapaĹ‚a	+62-724-616-5880	ul. PoznaĹ„ska 21
76	Katowice	1987-04-02	jimlacke29@about.com	Karolina	51-729	KwieciĹ„ski	+98-791-648-0098	ul. GdaĹ„ska 33
77	GdaĹ„sk	1972-03-14	gmacskeaghan2a@oaic.gov.au	Kuba	56-517	SzymaĹ„ski	+51-609-908-4471	ul. WrocĹ‚awska 8
78	Bydgoszcz	1999-03-08	jcurgenven2b@delicious.com	Monika	03-302	WĂłjcik	+53-136-546-5068	ul. Warszawska 12
79	BiaĹ‚ystok	1995-09-30	hyewman2c@qq.com	Tomasz	61-428	KamiĹ„ski	+84-637-472-4509	ul. GdaĹ„ska 33
80	Katowice	1966-01-16	bsadlier2e@seattletimes.com	Krzysztof	87-539	Nowak	+374-977-112-1713	ul. Warszawska 12
81	KrakĂłw	1962-07-30	tnano2f@flavors.me	Tomasz	82-260	WĂłjcik	+380-395-373-8400	ul. GdaĹ„ska 33
82	GdaĹ„sk	1998-11-21	eabbate2g@sphinn.com	Anna	12-172	ZapaĹ‚a	+963-122-467-2838	ul. GdaĹ„ska 33
83	BiaĹ‚ystok	1961-10-29	egillatt2h@cpanel.net	Marcin	51-341	Nowak	+86-166-379-8523	ul. Krakowska 5
84	Warszawa	1978-03-03	ssheal2i@skyrock.com	Maciej	01-344	ZapaĹ‚a	+380-532-412-1149	ul. PoznaĹ„ska 21
85	WrocĹ‚aw	1965-03-03	fgebhardt2j@google.com.br	Karolina	15-644	WoĹşniak	+1-515-246-1739	ul. WrocĹ‚awska 8
86	Bydgoszcz	1981-06-07	vtrowsdale2k@friendfeed.com	Anna	94-433	ZieliĹ„ska	+238-918-353-2055	ul. Warszawska 12
87	Katowice	1970-10-31	ctunnah2l@forbes.com	Piotr	84-009	WĂłjcik	+33-270-515-4560	ul. PoznaĹ„ska 21
88	BiaĹ‚ystok	1989-01-25	ssamart2m@tiny.cc	Monika	08-506	ZapaĹ‚a	+86-267-214-5561	ul. GdaĹ„ska 33
89	Warszawa	1988-01-01	sgorrissen2n@elpais.com	Kacper	74-635	Wojtyra	+56-471-932-2088	ul. WrocĹ‚awska 8
90	Szczecin	1981-03-01	abartalot2o@census.gov	Krzysztof	86-448	WoĹşniak	+63-457-725-8297	ul. WrocĹ‚awska 8
91	Bydgoszcz	1967-05-29	fnickels2p@mlb.com	Krzysztof	43-375	Kowalczyk	+86-926-146-6244	ul. Warszawska 12
92	KrakĂłw	1961-03-04	ahinkens2q@home.pl	Tomasz	35-232	SzymaĹ„ski	+62-611-854-5196	ul. Krakowska 5
93	Szczecin	1988-07-30	lvarcoe2r@adobe.com	Monika	61-711	ZapaĹ‚a	+93-491-988-7739	ul. Warszawska 12
\.


--
-- Data for Name: messages; Type: TABLE DATA; Schema: public; Owner: postgres
--

COPY public.messages (id, sender_id, receiver_id, content, sent_at, receiver_first_name, receiver_last_name, sender_first_name, sender_last_name) FROM stdin;
1	1	2	asdfasf	2025-05-06 01:20:13.237316+02	Kacper	Wojtyra	Jakub	Zapała
2	1	2	Abra kadabradsa	2025-05-06 01:20:24.345676+02	Kacper	Wojtyra	Jakub	Zapała
3	1	2	Abra	2025-05-06 01:39:53.120996+02	Kacper	Wojtyra	Jakub	Zapała
4	1	1	Kotlet	2025-05-06 01:41:50.313753+02	Jakub	Zapała	Jakub	Zapała
5	1	1	Nowa wiadomosc	2025-05-06 01:42:25.63697+02	Jakub	Zapała	Jakub	Zapała
6	1	3	Abrakasda	2025-05-06 01:51:04.111014+02	Maciej	Kwieciński	Jakub	Zapała
7	1	3	ktos	2025-05-06 01:51:10.301309+02	Maciej	Kwieciński	Jakub	Zapała
8	1	3	Moze	2025-05-06 01:51:14.284227+02	Maciej	Kwieciński	Jakub	Zapała
9	3	3	Abra	2025-05-06 01:54:37.686653+02	Maciej	Kwieciński	Maciej	Kwieciński
10	3	1	Abra	2025-05-06 02:01:25.912339+02	Jakub	Zapała	Maciej	Kwieciński
11	3	1	Nowe	2025-05-06 02:26:34.12455+02	Jakub	Zapała	Maciej	Kwieciński
12	3	1	dsadsa	2025-05-06 02:51:13.918244+02	Jakub	Zapała	Maciej	Kwieciński
13	3	1	dsadsa	2025-05-06 02:51:28.903734+02	Jakub	Zapała	Maciej	Kwieciński
14	3	1	fasdas	2025-05-06 02:52:32.6694+02	Jakub	Zapała	Maciej	Kwieciński
15	3	3	fsdfs	2025-05-06 02:59:05.118569+02	Maciej	Kwieciński	Maciej	Kwieciński
16	3	3	trreter	2025-05-06 02:59:14.601864+02	Maciej	Kwieciński	Maciej	Kwieciński
17	3	1	asdsadas	2025-05-06 03:01:56.369992+02	Jakub	Zapała	Maciej	Kwieciński
18	3	1	trter	2025-05-06 03:02:00.412209+02	Jakub	Zapała	Maciej	Kwieciński
19	3	3	dfsdfsd	2025-05-06 03:18:46.492313+02	Maciej	Kwieciński	Maciej	Kwieciński
20	3	3	ytrytr	2025-05-06 03:18:48.539438+02	Maciej	Kwieciński	Maciej	Kwieciński
21	3	3	dasdas	2025-05-06 03:18:56.206119+02	Maciej	Kwieciński	Maciej	Kwieciński
22	3	2	asdasdsa	2025-05-06 03:43:46.016889+02	Kacper	Wojtyra	Maciej	Kwieciński
23	3	3	3213213g1321	2025-05-06 03:43:53.473982+02	Maciej	Kwieciński	Maciej	Kwieciński
\.


--
-- Data for Name: pliki; Type: TABLE DATA; Schema: public; Owner: postgres
--

COPY public.pliki (id, data_dodania, nazwa_pliku, dokument_id) FROM stdin;
1	2025-04-12	1744460008593.pdf	1
2	2025-04-12	1744460059955.pdf	2
3	2025-04-12	1744460075428.pdf	2
4	2025-04-12	1744460160482.pdf	3
5	2025-04-12	1744460202618.pdf	4
6	2025-04-12	1744460240541.pdf	5
7	2025-04-12	1744460316330.pdf	6
8	2025-04-12	1744460363387.pdf	7
9	2025-04-12	1744460375491.pdf	7
10	2025-04-12	1744460468866.pdf	8
11	2025-04-12	1744460492554.pdf	9
12	2025-04-12	1744460573000.pdf	7
13	2025-04-12	1744460651822.pdf	10
\.


--
-- Data for Name: pracownicy; Type: TABLE DATA; Schema: public; Owner: postgres
--

COPY public.pracownicy (id, email, haslo, imie, nazwisko, totp_secret) FROM stdin;
1	jz.jakub.zapala@gmail.com	$2a$12$HrX96kBIFtxgKVuQDlDTuO29jGqS7d76VYUa9kp8ng3941/LfBSNi	Jakub	Zapała	\N
2	kacper.wojtyra1@gmail.com	$2a$12$x4k7egv/AaUBIFZK3remCO5o8Wb3hRAN7BoCaUKggRudBqfQQpDHW	Kacper	Wojtyra	\N
3	miudi12732@gmail.com	$2a$12$1tJNgHIrU8tj5zD73Zqx8u.dt8gUY8LT5ZZN4DMF/XWFmq3h7EMxG	Maciej	Kwieciński	NBU6IZ4SX7F55K3IAOZFQ4SQAI6EHFWW
\.


--
-- Data for Name: wizyty; Type: TABLE DATA; Schema: public; Owner: postgres
--

COPY public.wizyty (id, czy_oplacona, data_wizyty, godzina, naleznosc, pokoj, sposob_platnosci, uwagi, klient_id) FROM stdin;
1	t	2025-07-11	09:30:00	150 zĹ‚	2.26 A	GotĂłwka	Brak uwag	51
2	t	2025-10-05	12:00:00	300 zĹ‚	2.21 DH	Blik	Zalecana wizyta kontrolna za 3 miesiÄ…ce	85
3	f	2025-11-26	15:30:00	50 zĹ‚	2.26 A	Blik	Wymaga dodatkowej dokumentacji	60
4	f	2025-12-26	15:10:00	100 zĹ‚	2.21 DH	Karta kredytowa	Zalecana wizyta kontrolna za 3 miesiÄ…ce	41
5	t	2025-10-18	07:20:00	150 zĹ‚	1.30 C	Karta kredytowa	Zalecana wizyta kontrolna za 3 miesiÄ…ce	50
6	t	2025-05-28	19:45:00	150 zĹ‚	1.10 D	Blik	Wymaga dodatkowej dokumentacji	1
7	f	2025-03-11	15:10:00	500 zĹ‚	1.13 B	Blik	Zalecana wizyta kontrolna za 3 miesiÄ…ce	61
8	t	2025-03-04	07:20:00	500 zĹ‚	2.21 DH	GotĂłwka	Wymaga dodatkowej dokumentacji	70
9	t	2025-06-15	14:30:00	250 zĹ‚	1.10 D	Blik	Wymaga dodatkowej dokumentacji	17
10	f	2025-01-28	21:15:00	250 zĹ‚	3.26 D	Blik	Klient prosi o szybsze rozpatrzenie	15
11	f	2025-11-29	21:15:00	500 zĹ‚	2.21 DH	Karta kredytowa	Brak uwag	57
12	f	2025-01-04	11:50:00	50 zĹ‚	2.21 DH	Karta kredytowa	Brak uwag	13
13	t	2025-10-10	15:30:00	150 zĹ‚	2.26 A	GotĂłwka	Brak uwag	39
14	f	2025-01-24	14:30:00	250 zĹ‚	2.26 A	Karta kredytowa	Klient prosi o szybsze rozpatrzenie	23
15	t	2025-07-03	21:15:00	150 zĹ‚	3.26 D	GotĂłwka	Klient prosi o szybsze rozpatrzenie	88
16	f	2025-11-04	11:50:00	250 zĹ‚	2.26 A	Karta kredytowa	Klient prosi o szybsze rozpatrzenie	18
17	f	2025-06-24	07:40:00	250 zĹ‚	1.30 C	Blik	Zalecana wizyta kontrolna za 3 miesiÄ…ce	79
18	t	2025-09-08	21:15:00	100 zĹ‚	1.30 C	Karta kredytowa	Wymaga dodatkowej dokumentacji	2
19	f	2025-09-22	15:30:00	300 zĹ‚	2.26 A	Karta kredytowa	Zalecana wizyta kontrolna za 3 miesiÄ…ce	47
20	f	2025-04-14	14:30:00	300 zĹ‚	1.13 B	GotĂłwka	Zalecana wizyta kontrolna za 3 miesiÄ…ce	17
21	f	2025-08-25	09:30:00	250 zĹ‚	2.26 A	Blik	Wymaga dodatkowej dokumentacji	67
22	t	2025-11-06	11:50:00	50 zĹ‚	1.30 C	Blik	Brak uwag	79
23	f	2025-08-09	14:30:00	150 zĹ‚	3.26 D	GotĂłwka	Wymaga dodatkowej dokumentacji	8
24	f	2025-10-09	11:50:00	300 zĹ‚	1.13 B	Karta kredytowa	Klient prosi o szybsze rozpatrzenie	13
25	f	2025-01-18	09:30:00	300 zĹ‚	2.26 A	Karta kredytowa	Zalecana wizyta kontrolna za 3 miesiÄ…ce	1
26	f	2025-08-29	07:20:00	150 zĹ‚	3.26 D	Karta kredytowa	Brak uwag	49
27	t	2025-02-02	14:30:00	500 zĹ‚	1.13 B	GotĂłwka	Wymaga dodatkowej dokumentacji	47
28	t	2025-09-23	21:15:00	500 zĹ‚	3.26 D	GotĂłwka	Wymaga dodatkowej dokumentacji	8
29	f	2025-11-19	07:40:00	150 zĹ‚	1.13 B	GotĂłwka	Klient prosi o szybsze rozpatrzenie	35
30	f	2025-06-10	21:15:00	100 zĹ‚	2.21 DH	Karta kredytowa	Zalecana wizyta kontrolna za 3 miesiÄ…ce	62
31	t	2025-03-29	07:20:00	100 zĹ‚	2.26 A	Karta kredytowa	Brak uwag	78
32	t	2025-07-10	12:00:00	250 zĹ‚	1.10 D	Blik	Brak uwag	1
33	t	2025-01-06	19:45:00	250 zĹ‚	2.26 A	Karta kredytowa	Zalecana wizyta kontrolna za 3 miesiÄ…ce	68
34	f	2025-03-02	09:30:00	300 zĹ‚	2.26 A	Karta kredytowa	Zalecana wizyta kontrolna za 3 miesiÄ…ce	59
35	t	2025-05-20	09:30:00	150 zĹ‚	3.26 D	GotĂłwka	Wymaga dodatkowej dokumentacji	37
36	f	2025-09-30	07:20:00	300 zĹ‚	1.13 B	Karta kredytowa	Klient prosi o szybsze rozpatrzenie	18
37	t	2025-09-17	19:45:00	300 zĹ‚	2.26 A	Blik	Zalecana wizyta kontrolna za 3 miesiÄ…ce	44
38	t	2025-02-11	15:30:00	500 zĹ‚	2.26 A	Karta kredytowa	Wymaga dodatkowej dokumentacji	44
39	t	2025-06-11	12:00:00	250 zĹ‚	2.26 A	Blik	Zalecana wizyta kontrolna za 3 miesiÄ…ce	56
40	f	2025-10-31	07:20:00	50 zĹ‚	2.21 DH	Karta kredytowa	Klient prosi o szybsze rozpatrzenie	19
41	f	2025-09-16	21:15:00	150 zĹ‚	1.30 C	Karta kredytowa	Wymaga dodatkowej dokumentacji	84
42	t	2025-01-20	09:30:00	150 zĹ‚	3.26 D	Blik	Brak uwag	78
43	t	2025-08-13	12:00:00	300 zĹ‚	1.10 D	Blik	Brak uwag	23
44	f	2025-10-26	15:30:00	250 zĹ‚	1.30 C	Blik	Wymaga dodatkowej dokumentacji	11
45	t	2025-02-25	12:00:00	500 zĹ‚	1.13 B	GotĂłwka	Zalecana wizyta kontrolna za 3 miesiÄ…ce	28
46	f	2025-11-23	09:30:00	500 zĹ‚	2.21 DH	Karta kredytowa	Zalecana wizyta kontrolna za 3 miesiÄ…ce	4
47	t	2025-07-03	07:40:00	500 zĹ‚	1.10 D	Karta kredytowa	Wymaga dodatkowej dokumentacji	36
48	f	2025-11-27	19:45:00	100 zĹ‚	1.13 B	Blik	Wymaga dodatkowej dokumentacji	67
49	t	2025-06-21	07:40:00	150 zĹ‚	1.30 C	Karta kredytowa	Brak uwag	42
50	t	2025-06-03	21:15:00	100 zĹ‚	1.10 D	Karta kredytowa	Wymaga dodatkowej dokumentacji	33
51	t	2025-09-05	21:15:00	100 zĹ‚	2.26 A	Karta kredytowa	Zalecana wizyta kontrolna za 3 miesiÄ…ce	42
52	f	2025-03-20	07:40:00	100 zĹ‚	1.10 D	Blik	Klient prosi o szybsze rozpatrzenie	54
53	t	2025-09-09	15:10:00	150 zĹ‚	1.30 C	GotĂłwka	Brak uwag	31
54	t	2025-04-24	14:30:00	50 zĹ‚	1.30 C	GotĂłwka	Klient prosi o szybsze rozpatrzenie	56
55	f	2025-02-09	09:30:00	100 zĹ‚	1.10 D	Blik	Klient prosi o szybsze rozpatrzenie	2
56	t	2025-10-24	11:50:00	50 zĹ‚	1.30 C	Karta kredytowa	Wymaga dodatkowej dokumentacji	23
57	t	2025-08-28	15:30:00	150 zĹ‚	1.30 C	Blik	Wymaga dodatkowej dokumentacji	50
58	t	2025-02-26	19:45:00	150 zĹ‚	2.21 DH	Karta kredytowa	Wymaga dodatkowej dokumentacji	1
59	t	2025-10-05	14:30:00	50 zĹ‚	3.26 D	GotĂłwka	Klient prosi o szybsze rozpatrzenie	71
60	t	2025-09-05	15:30:00	50 zĹ‚	1.10 D	Karta kredytowa	Klient prosi o szybsze rozpatrzenie	22
61	f	2025-10-13	09:30:00	100 zĹ‚	3.26 D	Karta kredytowa	Zalecana wizyta kontrolna za 3 miesiÄ…ce	38
62	t	2025-09-09	09:30:00	500 zĹ‚	1.10 D	GotĂłwka	Zalecana wizyta kontrolna za 3 miesiÄ…ce	57
63	t	2025-05-22	11:50:00	500 zĹ‚	3.26 D	GotĂłwka	Wymaga dodatkowej dokumentacji	3
64	f	2025-08-06	15:10:00	500 zĹ‚	2.26 A	GotĂłwka	Zalecana wizyta kontrolna za 3 miesiÄ…ce	90
65	t	2025-11-18	15:30:00	100 zĹ‚	1.13 B	Karta kredytowa	Brak uwag	59
66	t	2025-06-13	07:40:00	100 zĹ‚	1.30 C	Karta kredytowa	Klient prosi o szybsze rozpatrzenie	31
67	f	2025-04-01	12:00:00	500 zĹ‚	1.13 B	GotĂłwka	Wymaga dodatkowej dokumentacji	4
68	f	2025-07-21	19:45:00	100 zĹ‚	1.30 C	Karta kredytowa	Zalecana wizyta kontrolna za 3 miesiÄ…ce	90
69	f	2025-02-24	11:50:00	150 zĹ‚	2.26 A	Karta kredytowa	Klient prosi o szybsze rozpatrzenie	62
70	t	2025-05-27	07:20:00	500 zĹ‚	1.30 C	Karta kredytowa	Wymaga dodatkowej dokumentacji	42
71	t	2025-05-16	14:30:00	250 zĹ‚	1.13 B	GotĂłwka	Brak uwag	76
72	f	2025-05-22	15:30:00	150 zĹ‚	1.13 B	Karta kredytowa	Brak uwag	64
73	t	2025-02-24	11:50:00	50 zĹ‚	2.26 A	GotĂłwka	Zalecana wizyta kontrolna za 3 miesiÄ…ce	61
74	f	2025-05-11	11:50:00	250 zĹ‚	1.13 B	Blik	Brak uwag	55
75	f	2025-04-13	09:30:00	500 zĹ‚	2.26 A	GotĂłwka	Brak uwag	76
76	t	2025-08-14	07:40:00	300 zĹ‚	2.26 A	GotĂłwka	Wymaga dodatkowej dokumentacji	15
\.


--
-- Name: dokumenty_id_seq; Type: SEQUENCE SET; Schema: public; Owner: postgres
--

SELECT pg_catalog.setval('public.dokumenty_id_seq', 10, true);


--
-- Name: klienci_id_seq; Type: SEQUENCE SET; Schema: public; Owner: postgres
--

SELECT pg_catalog.setval('public.klienci_id_seq', 93, true);


--
-- Name: messages_id_seq; Type: SEQUENCE SET; Schema: public; Owner: postgres
--

SELECT pg_catalog.setval('public.messages_id_seq', 23, true);


--
-- Name: pliki_id_seq; Type: SEQUENCE SET; Schema: public; Owner: postgres
--

SELECT pg_catalog.setval('public.pliki_id_seq', 13, true);


--
-- Name: pracownicy_id_seq; Type: SEQUENCE SET; Schema: public; Owner: postgres
--

SELECT pg_catalog.setval('public.pracownicy_id_seq', 3, true);


--
-- Name: wizyty_id_seq; Type: SEQUENCE SET; Schema: public; Owner: postgres
--

SELECT pg_catalog.setval('public.wizyty_id_seq', 76, true);


--
-- Name: dokumenty dokumenty_pkey; Type: CONSTRAINT; Schema: public; Owner: postgres
--

ALTER TABLE ONLY public.dokumenty
    ADD CONSTRAINT dokumenty_pkey PRIMARY KEY (id);


--
-- Name: klienci klienci_pkey; Type: CONSTRAINT; Schema: public; Owner: postgres
--

ALTER TABLE ONLY public.klienci
    ADD CONSTRAINT klienci_pkey PRIMARY KEY (id);


--
-- Name: messages messages_pkey; Type: CONSTRAINT; Schema: public; Owner: postgres
--

ALTER TABLE ONLY public.messages
    ADD CONSTRAINT messages_pkey PRIMARY KEY (id);


--
-- Name: pliki pliki_pkey; Type: CONSTRAINT; Schema: public; Owner: postgres
--

ALTER TABLE ONLY public.pliki
    ADD CONSTRAINT pliki_pkey PRIMARY KEY (id);


--
-- Name: pracownicy pracownicy_pkey; Type: CONSTRAINT; Schema: public; Owner: postgres
--

ALTER TABLE ONLY public.pracownicy
    ADD CONSTRAINT pracownicy_pkey PRIMARY KEY (id);


--
-- Name: wizyty wizyty_pkey; Type: CONSTRAINT; Schema: public; Owner: postgres
--

ALTER TABLE ONLY public.wizyty
    ADD CONSTRAINT wizyty_pkey PRIMARY KEY (id);


--
-- Name: idx_conversation; Type: INDEX; Schema: public; Owner: postgres
--

CREATE INDEX idx_conversation ON public.messages USING btree (sender_id, receiver_id);


--
-- Name: idx_conversation_reversed; Type: INDEX; Schema: public; Owner: postgres
--

CREATE INDEX idx_conversation_reversed ON public.messages USING btree (receiver_id, sender_id);


--
-- Name: pliki pliki_dokument_id_fkey; Type: FK CONSTRAINT; Schema: public; Owner: postgres
--

ALTER TABLE ONLY public.pliki
    ADD CONSTRAINT pliki_dokument_id_fkey FOREIGN KEY (dokument_id) REFERENCES public.dokumenty(id);


--
-- Name: wizyty wizyty_klient_id_fkey; Type: FK CONSTRAINT; Schema: public; Owner: postgres
--

ALTER TABLE ONLY public.wizyty
    ADD CONSTRAINT wizyty_klient_id_fkey FOREIGN KEY (klient_id) REFERENCES public.klienci(id);


--
-- PostgreSQL database dump complete
--

